animal_idx,age,age_first_sess,sess_num,perf,reg_trial_intercept,reg_trial_oneback,reg_trial_twoback,reg_trial_rl,reg_repeat_intercept,reg_repeat_main,reg_repeat_reward,reg_nrepeat_reward,reg_repeat_rl,reg_reward_intercept,reg_reward_main,reg_reward_repeat,reg_nreward_repeat,reg_reward_rl,alpha_positive,beta,s1,s2,s3,gdx,ns
1,85,85,1,0.55,1.11808014753659,0.776650836930605,0.0227309884867645,0.810882927722453,1.26601586551538,0.738512231615278,1.03577416545106,-0.32537649114265,0.83086477857667,1.51306270259089,0.320260402510266,1.42456487830223,0.0634142217085194,0.83086477857667,0.00675101098897436,6.33175339450442,-0.124809445669895,0.233965809127949,0.100863375482135,10,1
1,89,85,2,0.68,1.58895704870608,1.13022878255115,-0.0238951586170307,0.707887836109209,1.9006101971879,1.10633699319625,1.34589543670905,-0.533214493908175,0.785958224262909,2.25797814647875,0.343060104412833,2.05403688068373,0.174926950064865,0.785958224262923,0.0125197640211394,6.43225185138422,-0.118909489178417,0.3138012359482,0.0665736487089401,10,1
1,91,85,3,0.7225,1.87476224165703,1.09535399067043,-0.0649568464208757,0.853386235522141,2.07000812507499,0.940419289310458,0.566326827352109,-0.49737053846295,0.915176494713998,2.1966442349602,0.0274541406280673,1.47770318536025,0.414005819545189,0.915176494713998,0.0180760679491545,5.86784740282718,-0.128880276541511,0.275073484710973,-0.013120329804391,10,1
1,95,85,4,0.695,1.87296038666223,1.30498647507707,-0.207783939919516,0.808605203286921,2.44405404765522,1.31705689079592,1.50811295967417,-0.856368966357539,0.957698188090221,2.71791874208957,0.267905015574302,2.50155763633873,0.137075710307028,0.957698188090221,0.0198789450122137,7.17573521551708,-0.114322931846642,0.366184505846131,0.079145324786785,10,1
1,97,85,5,0.715,1.25957753802684,1.05536739078827,-0.058141963991521,0.250757512726911,1.62530250335682,1.07736653613783,1.51774148199243,-0.596836724135068,0.262692922606329,1.93570044657099,0.41012699829682,2.13881289724024,0.0242346911127417,0.262692922606329,0.0830739242779525,4.49696149117616,-0.187569371079743,0.470818804795494,0.176482201765726,10,1
1,101,85,6,0.44,-0.193443820289292,1.09875438565757,0.599885920333195,0.0589293305037745,0.119314394658745,1.89984203007408,1.97160827060858,-1.59759203848725,0.0656040126618208,0.0474449846479951,0.186654962585481,3.68440598011415,0.115205671018308,0.0656040126618209,0.000273749786383543,3.63864418173163,-0.0829158277118384,0.999579201537192,0.018613522919861,10,1
2,83,83,1,0.4975,0.156168731180734,1.05088291500663,0.488143708091507,0.160973837623185,0.242581459584974,1.09843965200889,0.809106124907503,-0.907506153962497,0.133728773143438,0.260658815041331,-0.0491444667155206,1.95639450411752,0.239782225247522,0.133728773143438,0.000230333675228988,19.9992997274786,-0.0104880876940689,0.0992629251473143,-0.0136266531826042,10,1
2,87,83,2,0.515,-0.0134683026865254,0.968868949702651,0.329351763550286,0.179873324909054,0.0530633225829207,1.17274229114865,1.05260876335881,-1.06991480146699,0.119589496744763,0.144273312099979,-0.00865726960719959,2.23695339923327,0.114429834407465,0.119589496744763,0.00128317333509492,2.24207856283459,-0.0516720953636518,0.999872361366191,-0.0451828251562938,10,1
2,90,83,3,0.51,0.32340688628582,1.50091363652468,0.627416569963042,0.122608157814937,0.475618196005351,1.58250349510459,1.16967069983958,-0.897525767889209,0.139540133757767,0.603889023712208,0.135597238147744,2.61956488799817,0.552368420269,0.139540133757768,0.000407755251280217,19.9991829822653,-0.0299251541473205,0.126700840770286,-0.026259476712328,10,1
2,93,83,4,0.515,0.788607557927342,0.983354075350377,0.0789711030540885,0.603628234692122,0.959425880341389,0.976884026487262,0.947636299246147,-0.469184474000351,0.624137320159798,1.0939949220339,0.227816143465615,1.68670985836015,0.269889085113651,0.624137320159797,0.000977477375749811,19.9996579729266,-0.0345256548354643,0.0880947609046291,0.00434666535112483,10,1
2,96,83,5,0.55,0.58159305839947,1.19459762030666,0.17893467766863,0.386877977071539,0.936959610189654,1.39358138305123,1.43565855224072,-0.519544894911548,0.388927490258253,1.05537257315104,0.448415296922102,2.37068539089489,0.415481943742625,0.388927490258253,0.000764769437188539,19.9990311204866,-0.0431159760035733,0.107024723935244,0.000375854010013002,10,1
2,99,83,6,0.555,0.879318645509018,0.896214008856934,-0.08810496247043,0.504841965657122,1.02295706720637,0.769758239665065,0.351422239178757,-0.568506336478282,0.585666363276339,1.0067965661187,-0.102045347304643,1.22961976613913,0.309691190482089,0.585666363276339,0.00583032734296543,3.9860287053284,-0.0600959771518558,0.31812574816496,-0.103371351194506,10,1
5,75,75,1,0.4825,0.223284316801443,1.01077669794681,0.418684378210542,0.408442080152322,0.492853080434887,1.15798829503807,1.19435035139132,-1.00362534557003,0.443553723982054,0.535280314048393,0.0950394693458708,2.25688929066362,0.0589135937022656,0.443553723982054,0.000670195024877579,19.9995316707795,-0.0183176725182492,0.118449423180598,0.0123286959511332,10,1
5,79,75,2,0.5525,0.937601278917189,1.09404967579242,0.128046986871982,0.556667109423798,1.1800415178841,1.01810190652582,0.856788477282345,-0.739761971007614,0.636945275350443,1.26771552530814,0.0550810466812795,1.81811550821915,0.22156505992919,0.636945275350443,0.00876883778918195,4.44253570003396,-0.0947949021778689,0.425733510011364,-0.00430006225219851,10,1
5,82,75,3,0.595,1.03217838233118,1.28953452294216,0.130125695344628,0.700536965958692,1.26124308391793,1.17797716515627,0.697361159779636,-0.618007089102241,0.722392704372793,1.38350233265605,0.0373106365959392,1.84000030346949,0.524632054587572,0.722392704372794,0.0201427900702157,4.10655575212189,-0.213519602153501,0.482029535179824,-0.0275960303138017,10,1
5,85,75,4,0.5675,0.682187437831711,0.953612776650364,0.161206272398842,0.384816627319059,0.843103938773793,0.894575949307254,0.802204200784647,-0.558750584878466,0.366824531835653,0.869530952310688,0.117303064008261,1.57462500445122,0.213670218788106,0.366824531835653,0.00697456149885681,3.24156814175065,-0.125527657931681,0.482447396880643,-0.0135108478964527,10,1
5,90,75,5,0.5525,0.528590647114273,1.27070403759343,0.428565232343209,0.248881718465012,1.07083002929503,1.67089148950197,1.99679105333099,-0.7961336669007,0.252304989212425,1.27144123571105,0.591445650592814,3.06927050125423,0.276345781022541,0.252304989212425,0.0457338021853412,3.43902579426667,-0.368635827893284,0.843915646080512,0.204118045558678,10,1
5,95,75,6,0.5125,0.130531999261703,1.01950722326717,0.319336401466897,0.327696244467587,0.352238725122213,1.2841734581564,1.31296690877614,-1.11122593483416,0.299649787561793,0.387016485176258,0.100788986621147,2.49596737564703,0.0717745320367329,0.299649787561793,0.0343640930674321,2.71547790855462,-0.349080416400364,0.999999996918109,0.287522532741513,10,1
6,100,100,1,0.5075,0.461455913631596,-0.0138441532762649,0.0310845507917956,0.339539891093798,0.450104539348076,0.0222982774671216,-0.167402007489891,0.169561545249416,0.329591523696646,0.451041246062088,0.00105283028282264,-0.146183882167897,0.19077967057141,0.329591523696646,0.000378672672181115,19.9992712979051,-0.0118931528101727,-0.00727029453598772,-0.00655966937039302,10,1
6,103,100,2,0.8675,2.17009630955879,0.162670766961632,-0.0807040170552959,0.402279677661125,2.24872344590609,0.408370220713787,-0.437741441538465,0.188789691259252,0.386418788036704,2.21225438355116,-0.0784850888850031,0.0992777770724685,0.725808909870186,0.386418788036704,0.045346984244671,4.63193547117071,-0.0724558033858363,0.0197436751070219,-0.235775737074627,10,1
6,111,100,3,0.53,0.154659045793142,0.512518848267514,-0.0160713893801911,0.196372382143433,0.178775029992068,0.504566648465946,0.286526131011913,-0.500794020590884,0.247589719731062,0.165312234302964,-0.106897894704214,0.898003543951132,0.110683392348335,0.247589719731062,0.00481884062898349,0.88823241523958,-0.0465636970099048,0.99992252603168,-0.209705574459433,10,1
6,113,100,4,0.5225,0.263868989062067,-0.200483357777359,-0.13100359838702,0.140788359478014,0.256516220381754,-0.17245410502475,-0.165287942996127,0.109075156703074,0.143965381833705,0.244487168632048,-0.027863146055879,-0.309744649529858,-0.0353815498306568,0.143965381833705,0.000184993115837751,19.9827608111596,0.00314962082709624,-0.0154758735195534,-0.000294453821645612,10,1
6,119,100,5,0.3975,-0.0251700385240916,0.567817143979708,-0.00740066131565015,0.272538857300135,-0.00881646764452275,0.579236220042548,0.249098837530269,-0.163231407847152,0.271818568418417,0.0156165425523891,0.0429516107524462,0.785649993834325,0.373319748456905,0.271818568418417,0.000218985633655579,19.9952456103274,-0.0328190025778744,0.0405695051509125,-0.00444327146546891,10,1
6,122,100,6,0.585,0.464099764604706,-0.0591842360573157,0.0827766242251562,0.10473806676903,0.446197922181934,0.0484428807767777,-0.453382632321213,0.595085557121451,0.0925107507480608,0.465857480472921,0.0688747852479513,-0.475729710121122,0.572738479321542,0.0925107507480608,0.112598625996818,1.07694093299403,-0.663289080517242,-0.439758606284994,-0.398051585950936,10,1
9,83,83,1,0.49,0.721902682967621,0.563372600968998,0.0791743034883491,0.641412514077594,0.835376590325504,0.437790507677906,0.58947323559777,-0.582191965041078,0.680124872560849,0.840054709362056,0.00346096399795183,1.02341584311733,-0.148249357521519,0.680124872560849,0.00171706387523967,9.60795319234473,-0.00181889807697264,0.111748235968234,0.0322599070337531,10,1
9,86,83,2,0.5925,1.13758258362328,1.17147848762817,0.193531076278574,0.573423383078306,1.27055253340228,1.07884185727699,0.812236123035184,-0.386958786453176,0.583006475701134,1.43889583326839,0.1947175660146,1.68104655794564,0.481851648457284,0.583006475701134,0.0080526249782647,4.77636349624394,-0.168945966581192,0.34323928834607,-0.0402131451254931,10,1
9,89,83,3,0.525,0.988028770985656,1.06802750590059,0.141435985334069,0.622022128069663,1.18160270730846,0.956360210458868,0.622634025351562,-0.616571422641752,0.715830917153537,1.26402770179807,0.00282883501719874,1.57892826890089,0.339722820907577,0.715830917153537,0.00301962848231124,8.21972283115181,-0.0558710572258945,0.204466409146794,-0.0402950426065849,10,1
9,92,83,4,0.795,2.01927744514477,1.34638762448787,-0.302812697899462,0.260293295195817,2.10364524323642,1.20358528644741,0.24923899688444,-0.367052440784498,0.27657111235043,2.18742120635995,-0.0464468891332127,1.51671209036816,0.900420652699224,0.27657111235043,0.136876276791212,4.50650143658564,-0.151862397597615,0.338322867842865,-0.246429691242841,10,1
9,95,83,5,0.775,1.85119734745223,0.897049209053829,-0.264218414365277,0.477086200153346,2.14338137484235,0.619388997722256,0.33835645095382,-0.800632241046066,0.569750512596588,2.07972843031005,-0.178673704782219,1.19404589059157,0.055057198591685,0.569750512596588,0.0223856468316334,4.80228057589089,0.0950079993205456,0.252149943548196,-0.112128572588806,10,1
9,101,83,6,0.805,1.99329059198756,0.826730094099406,-0.171943733637726,0.484308598637386,2.14923384187009,0.605697925041828,0.167629569327785,-0.483245836528664,0.519816096947219,2.09225128539772,-0.114876665624981,0.932944225381618,0.282068819525169,0.519816096947219,0.0366795088340124,4.57895815551693,8.49964715895238e-05,0.209966219164086,-0.129591238307594,10,1
10,87,87,1,0.6075,1.07892248136178,1.09389586565114,-0.0105365147013369,0.493352204063569,1.25830289099112,0.968443714889996,0.742004566679108,-0.656525410884061,0.566856427373672,1.32738141207198,0.0394496355473663,1.66864035158613,0.27011037402296,0.566856427373672,0.00382601157126608,6.46894383055301,-0.0426113770436239,0.259434496199978,-0.0493449451561128,10,1
10,90,87,2,0.5325,1.00885085934418,1.17687127417291,0.133537177922948,0.766721879103911,1.17149812304731,1.09614787943035,0.653185363447496,-0.54882346439367,0.804188563892198,1.2194280879923,0.0489550024837326,1.69700543627578,0.494996608434612,0.804188563892199,0.00509557629726997,5.9940272184223,-0.12197537186611,0.301901336740606,-0.0225381594395164,10,1
10,94,87,3,0.5825,1.11548166572461,1.37322847488672,0.587731991075738,0.571369692841209,1.3173322216281,1.04033199960936,0.304188340561987,-0.911227962303778,0.653386873826523,1.33479729074272,-0.28420638477103,1.65492582194652,0.439509519080758,0.653386873826523,0.0111651867662459,3.63671834223193,-0.00702251005922076,0.473292160549077,-0.215535370826029,10,1
10,98,87,4,0.485,0.478572386810259,1.44968370628748,0.506966443346024,0.559633768873236,0.820356576154087,1.54259336315644,1.16252659782501,-0.865480620873331,0.57462966018711,0.850766408353885,0.14686284927124,2.55583809937885,0.527830880680513,0.57462966018711,0.00091516693545222,19.9997189004093,-0.0433784034381729,0.135218034940902,-0.00893828962506391,10,1
10,102,87,5,0.515,0.793856220400961,1.2616961378856,0.355753926224222,0.626736143018473,1.06227073002495,1.23083773286088,0.958678062102602,-0.783199496070547,0.732453506920414,1.17776733103839,0.084532604974945,2.10458058393501,0.362703025761359,0.732453506920429,0.00114353138979626,19.9999217323945,-0.0309622830475722,0.118102282231453,-0.00582119575450338,10,1
10,106,87,6,0.445,0.352535795014862,1.11283426371048,0.359626959467734,0.591881929678841,0.653627977867484,1.28111914867408,1.31202021932825,-0.546441680431194,0.609486784065144,0.710232445761594,0.379673970903419,2.20972477557136,0.351262875811912,0.609486784065143,0.00102217554642317,19.9998509816508,-0.0575175470433999,0.119221008086635,0.0219350375894156,10,1
11,79,79,1,0.4525,0.443643760837165,0.53045311982071,0.332615090543598,0.484396356012549,0.548555681409572,0.502916437775238,0.836724569166735,-0.315600054730316,0.482233251417432,0.622381229317165,0.25540666339879,1.0792857271594,-0.0730388967376546,0.482233251417432,0.00120477003633758,12.3258081206441,-0.034608630983083,0.0911522550481704,0.0468394536394728,11,1
11,81,79,2,0.5025,0.456986510636325,0.598952731117062,0.259396899533699,0.413273826392652,0.604385924207987,0.55679934937891,1.0387544564424,-0.645445421783408,0.464638002421113,0.670432608450805,0.192729890592665,1.39924721076347,-0.28495266746234,0.464638002421113,0.000661167155278933,19.9976355170218,-0.00370803228647022,0.0715112536571043,0.0327678579283601,11,1
11,87,79,3,0.6825,1.51838014808167,0.92074450488614,0.254810720881031,0.63684731993366,1.60843821342903,0.783369302978877,0.951344604632644,-0.298909406750198,0.583862041566296,1.86398058835073,0.273077341726665,1.41182949650036,0.161575485117516,0.583862041566296,0.0122447996973652,5.21232784984105,-0.117968056924295,0.25951745914997,0.0443997870612572,11,1
11,90,79,4,0.5,1.08939821111184,0.871505576309533,0.15368679466487,1.17649900423275,1.52566979925137,0.852129243630734,1.3312726693144,-0.814370561232345,1.26416651807571,1.66124028892655,0.236809619067581,1.92510172800418,-0.220541502542558,1.26416651807571,0.013107600016806,6.3818065589503,-0.129285200035444,0.341671681183757,0.196374302992917,11,1
11,94,79,5,0.7425,1.6839168564581,0.91297413384499,0.212788477248783,0.673659431334067,2.00910823498194,0.63507497441753,1.10198466097312,-0.791561963104561,0.728774865393488,2.18760351561751,0.12526957625722,1.58733507273074,-0.306211551346943,0.728774865393487,0.0259083558214947,5.43322708117529,-0.0110316469788167,0.300661600640188,0.118204358891971,11,1
11,99,79,6,0.7425,1.8744351995061,0.817443992256923,0.212246677352797,0.646932344575949,1.88302283859415,0.574333114244656,0.757286572690329,-0.346773893123891,0.652847567254367,2.0513078166126,0.15458764863287,1.12700776555053,0.0229472997363045,0.652847567254367,0.011923667757546,5.55416258719529,-0.0577629920508514,0.201815395541796,0.0474714984745268,11,1
12,83,83,1,0.6525,0.904979646770782,0.489183208779867,-0.0826216827252948,0.301512162567224,0.982755229494933,0.385066029391239,0.268370584058972,-0.352638024343253,0.293798379895933,1.00290523309328,-0.0386656725301362,0.69714283437653,0.0761342259743042,0.293798379895933,0.0390278912827544,2.24636548377466,-0.0135404208328509,0.319130969484552,-0.0443948464283004,11,1
12,86,83,2,0.6275,0.844006575105355,0.543151467835434,0.00657687742899089,0.223303331989686,0.909585036739211,0.434087587471598,0.302018094009299,-0.349165477647728,0.239419567177797,0.930190568675196,-0.0218095301180278,0.760466164771046,0.10928259311402,0.239419567177797,0.0141450185029736,2.27937957503561,-0.0031800030248194,0.331253133599085,-0.0873466280833024,11,1
12,94,83,3,0.575,0.501852519431467,0.842482573914013,0.430061338694429,0.162969629331345,0.564369037567537,0.736567181965582,0.445462949407326,-0.703949494795041,0.195887808925649,0.52819425856932,-0.126545155244201,1.31096651125366,0.161554067051293,0.195887808925649,0.000302921780854071,19.9970877221073,0.00514965870465206,0.0662923696241351,-0.0217827758657646,11,1
12,98,83,4,0.4775,-0.0278656079885515,0.910621638984482,0.388888933766234,0.145585512531321,0.0151489902022521,0.979616406871001,0.683593217481879,-0.649126848207077,0.174962582914296,0.0366516697454742,0.0172409872334888,1.64572345613251,0.313003390443558,0.174962582914296,0.000153942281957348,19.9981410778961,-0.0237421867293037,0.0828639666839584,-0.00743802859374909,11,1
12,102,83,5,0.635,1.00008231389578,0.880492183183231,0.0997070159848352,0.409458065558898,1.07631416621424,0.7488400622611,0.433820343489308,-0.435545262152945,0.393390113642517,1.06004578944552,-0.000792658954390115,1.18327292441794,0.313907318775686,0.393390113642517,0.0137338562018207,2.85642554196706,-0.111365928979253,0.415174688184977,-0.106642290692777,11,1
12,105,83,6,0.5425,0.719869633401771,0.56872501643085,-0.0628190399179446,0.536661548442674,0.81473746680863,0.499215349547526,0.0117161247315481,-0.398845576078759,0.605602453593735,0.804945240318043,-0.18429045290163,0.706714552604145,0.296152851793839,0.605602453593734,0.00731970170777943,2.96362865191932,-0.0627325715997547,0.252517061306004,-0.136346295636418,11,1
3,63,63,1,0.645,0.782044907055207,0.257039227801278,0.176004154231045,0.045502378817987,0.78790108077448,0.215650295192208,0.0535164289558441,-0.127294369366328,0.028385673226557,0.795377179097707,-0.0343946051212115,0.306951861034763,0.126141062712591,0.028385673226557,0.489556038463473,1.5805609945965,-0.0420139854161199,0.195587262107301,-0.119744211731021,11,1
3,67,63,2,0.4925,0.388555389580901,1.12523918666497,0.375740777326231,0.301685413040152,0.551509500383961,1.16635567597331,0.927277166862483,-0.554046579522513,0.34058410739595,0.59553089245115,0.184824951554609,1.9065637864849,0.4252400400999,0.34058410739595,0.004626019001938,3.61982947788536,-0.217276702505538,0.531288350039409,-0.0182314669376264,11,1
3,72,63,3,0.5775,0.603358620805244,1.16607234394477,0.416163807866693,0.00513284094724787,0.919157554519391,1.17766331728154,1.2034719937242,-1.11732092522481,0.144803044265237,1.01766296652208,0.0421456843016942,2.34085420443916,0.0200612854895752,0.144803044265238,0.021251702403589,2.30317580262191,-0.00751068486277437,0.999983117229248,-0.0102165101921004,11,1
3,76,63,4,0.455,0.323167822557373,0.820568330178948,0.313600176614574,0.354317926787541,0.451462753400663,0.787529353391361,0.589440500277209,-0.66695478298238,0.397862634450665,0.471354691239556,-0.0383863693237889,1.41566622652278,0.159270943263196,0.397862634450664,0.000531547998469986,19.9995866498511,-0.0105146076350837,0.073667743525943,-0.00545384548125742,11,1
3,82,63,5,0.53,0.583357006483015,1.41283098120567,0.696023677755482,0.323050257158963,0.935094087941885,1.41198047302007,1.32197416647473,-1.37300491277212,0.558620245868348,1.06309724050902,-0.0250812853584845,2.76498926577049,0.0700101865236401,0.558620245868348,0.00462226664871537,5.33350917817356,-0.0253332833771823,0.541205857112445,-0.00817421088666421,11,1
4,61,61,1,0.6025,1.24718057272349,0.597875741836791,-0.312592078075726,0.813233090545959,1.34345654185262,0.509862580688023,0.434510196500867,-0.333278968328244,0.83082798050969,1.38511902343831,0.0443075617799909,0.893727872552682,0.125938707723571,0.83082798050969,0.0107564565196216,4.72379012126701,-0.0856477646344953,0.196937518992382,0.0455942528272471,11,1
4,66,61,2,0.7425,1.48476485379362,0.206945037977962,-0.136190351910805,0.412560771179039,1.50712129541261,0.13002207838426,0.113955071198448,-0.172885615927023,0.416392917425193,1.49619714932215,-0.0234302554744193,0.273553094353275,-0.0132875927721959,0.416392917425192,0.0198398528973522,3.54346134176741,0.0233989964033253,0.076945737747965,-0.0283863254634147,11,1
4,68,61,3,0.675,1.08855939618263,0.19951106666006,-0.216864954316064,0.345909555611936,1.08176891265146,0.125827464386842,0.244855275494425,-0.144647988458174,0.329844197643656,1.11171496481478,0.0438814141699803,0.320644207603922,-0.0688590563486766,0.329844197643656,0.0314713014619804,2.55288865676503,-0.0205144605532569,0.128052313726788,0.0820879755101541,11,1
4,72,61,4,0.4875,0.356350931014288,0.485012012079529,0.112369971028332,0.370502233230753,0.444732117063543,0.459789381937499,0.913549070207201,-0.547595405832351,0.381852430050533,0.482078875418349,0.180524060011493,1.19018248704624,-0.270961988993312,0.381852430050533,0.000551190242899733,19.9993792741092,-0.00623291347181894,0.0614390941408579,0.0331563812710373,11,1
4,85,61,5,0.47,0.48021695449979,0.818085851142833,0.262772739617183,0.565949639890384,0.692233458070213,0.823576917092722,1.03029630840924,-0.787377100050495,0.661320548344018,0.773177576495581,0.119203426444285,1.73399331277729,-0.0836800956824425,0.661320548344017,0.00095598786706747,19.9999734759991,-0.0174620234348412,0.0980168668011499,0.0254659336603917,11,1
7,73,73,1,0.7425,1.46065717854498,0.359009969876966,-0.254166550439775,0.415199115789088,1.46846090076286,0.279222401570767,0.154845133752961,-0.162660170617295,0.441230499370165,1.47957447637647,-0.00315367035436424,0.438141662064102,0.120636357693846,0.441230499370165,0.0188491417830891,3.52818398024567,-0.0194597420582157,0.124812588286736,-0.0363281461812415,11,1
7,77,73,2,0.6725,1.41949452189468,0.997466001939871,-0.0711248133527811,0.60953013308417,1.6175181920871,0.882013799752335,0.818494497730075,-0.482184876246705,0.620511891172069,1.74442338732285,0.144763748253451,1.53284843144455,0.232169057467769,0.620511891172069,0.0276808688307603,4.25908290606484,-0.146560863953907,0.362074388595051,0.0529256202038851,11,1
7,81,73,3,0.4325,0.788027404466479,0.810985922822535,0.0981025597158479,1.08693769475605,1.02250937827219,0.847066384517573,1.09380749070078,-0.42784566837636,1.06412742595385,1.15985237770005,0.316255883268861,1.60809276310653,0.0864396040293951,1.06412742595385,0.00880174284285041,6.00438133403256,-0.191724565607318,0.306349415494295,0.162473832654272,11,1
7,84,73,4,0.8275,1.87190286736593,0.64834026551825,-0.0136354524843882,0.218724259856882,1.92274626906559,0.369552803673172,0.618712594265098,-0.377287511958399,0.193798377322261,2.05234568456649,0.086773929448019,0.870086768905497,-0.125913337318,0.193798377322261,0.732308797814439,4.16796692182808,-0.0199314850910549,0.205280988738152,0.0720515141400238,11,1
7,89,73,5,0.6425,1.12112745246653,0.885549457131238,0.147055542122916,0.469008168728798,1.22643293624395,0.72125954559842,0.492686171298614,-0.466257153428052,0.497900413570688,1.31138123453521,0.0119418298967387,1.20471209683747,0.245768772110806,0.497900413570688,0.0142543984536747,3.52005380643756,-0.0853665093966012,0.349160700333474,-0.0541262412170587,11,1
7,93,73,6,0.5975,0.609962231391417,1.47379373567822,0.716900918793478,0.113799736065792,0.900223595638721,1.45103214676083,1.26470398675186,-1.2120901592246,0.0948550545480758,0.991501148916248,0.0258492511039503,2.69126516673036,0.214471020753907,0.094855054548076,0.0787158947808321,2.92080629681015,-0.219362939799084,0.99999999501404,0.0732598858641577,11,1
7,103,73,7,0.5425,0.300362024111734,1.22951746234722,0.566935216834031,0.1180556415041,0.738542874639403,1.60892967512833,1.78517565722886,-1.24397475089647,0.0825051704215558,0.748754932275047,0.269287610814337,3.12279567800637,0.0936452698810384,0.0825051704215557,0.999994621048435,3.66034854866362,-0.395068345389733,0.999999985840032,0.343322340825741,11,1
7,108,73,8,0.5075,0.110232672103,1.08436036332167,0.667634977390363,0.026310471182837,0.441985292337657,1.55189268535478,1.93852870529318,-1.4375135721768,-0.0376107103018025,0.540411380210004,0.250441978891182,3.24166792274736,-0.134374354722622,-0.0376107103018027,0.000229845849825826,19.9889851335354,0.0062475814855378,0.149244511027278,0.00626667785751764,11,1
8,72,72,1,0.645,0.63443465741269,0.352076178329649,0.100749669858179,0.057069037512693,0.653205814569336,0.276144804117744,0.391243661203925,-0.113224723577362,0.0618838808316881,0.699772315493981,0.131308098258197,0.528204610974236,0.0237362261929491,0.0618838808316881,0.0643819607139512,1.53805428794251,-0.140972348957288,0.33477425295512,0.105337228215367,11,1
8,84,72,2,0.465,0.0400999255568056,1.00355329702259,0.270172866831142,0.2009148922429,0.130420252051896,1.08504278788591,0.803103043120488,-0.607102215998618,0.205819095065548,0.276667383419964,0.0980472740557245,1.79930025394019,0.389094994821087,0.205819095065548,0.000297586589441531,19.9904037586379,-0.0279012567933487,0.0895182663519821,-0.0111595805168091,11,1
8,89,72,3,0.6075,1.23729546717014,1.36001347002428,0.171048433566661,0.52499172893335,1.43518859173329,1.23757124537405,0.703470015437476,-0.602846384632707,0.627383275458363,1.567098634812,0.0462020069918812,1.89511996730271,0.588803567232523,0.627383275458363,0.00672026329845954,5.60290405330099,-0.105887686646318,0.339499822933008,-0.104663960350106,11,1
8,94,72,4,0.485,0.374708782203539,1.31852487875474,0.646849439219903,0.426610066814039,0.596273266688309,1.3430929085538,1.03997613090787,-1.02431873380354,0.463054323199361,0.608054397035821,0.0077714540283891,2.37460805047555,0.310313185764136,0.463054323199362,0.000613342086608814,19.9996522266063,-0.0230693919938034,0.123777142953652,-0.00802432615696603,11,1
8,101,72,5,0.5175,0.96704481538159,0.98265556511175,0.163297666760843,0.828051730650862,1.23112768897369,0.982234379181479,1.10512545941229,-0.503436099037106,0.843802127189946,1.44087040436825,0.280369942579555,1.79112514363181,0.182563585181746,0.843802127189994,0.00502258780459939,7.42499099620022,-0.108275351325825,0.251850102366473,0.0533626909991555,11,1
8,105,72,6,0.41,-0.308135039354447,1.06330387322233,0.512962186652519,0.212604198558006,-0.59534972507065,1.79547200963975,1.20581775606226,-1.99053803563796,0.171854304888834,-0.549172277778687,-0.390037281131392,3.39275194493976,0.196396153238535,0.171854304888834,4.92192984712827e-05,19.9828991491595,-0.0223501714083744,0.153027051108683,0.00346931735996588,11,1
1,83,85,7,0.615,0.721118490487823,0.608023159131046,0.0494359879586932,0.306442408700221,0.942429136615167,0.774414145207451,1.43118423699529,-0.332373341188908,0.327355203299544,1.59325066516429,0.522253841355964,1.79226254083606,0.0287049626518685,0.327355203299544,0.020019224521572,3.49068452099517,-0.0745600400915183,0.510107022371334,0.0669447560680139,10,2
1,90,85,8,0.57,0.669943911908136,0.338344341532367,0.0298455994769387,0.572189508447124,0.961948575802983,0.707705766201162,1.98718988698577,-0.231598226322519,0.63246338140895,1.65878137217745,0.83742300298126,1.93841405405966,-0.280374059248629,0.63246338140895,0.00206508611823926,19.9999374047231,0.00651532146269112,0.0894262423223452,0.0452292092336576,10,2
1,96,85,9,0.455,0.0252661282728536,0.506941038887471,0.292221968585055,0.0442780873067746,0.434778631693621,1.15307092630531,2.37197167332733,-0.392549675690006,0.070509353229952,1.03722688489176,0.990202256998866,2.68134239240126,-0.0831789566160723,0.070509353229952,0.000394609529646638,19.994105364834,0.00605765874293192,0.157006786414565,0.0133801485113859,10,2
1,99,85,10,0.6325,0.499138261238168,0.624364913196187,0.206283662448816,0.385980472845941,NaN,NaN,NaN,-0.684365590848505,0.473741071330456,NaN,NaN,NaN,-0.182192852588958,0.473741071330456,0.0197524980001568,4.04732285192974,-0.00949727639840918,0.63976261997856,0.145204717877639,10,2
2,85,83,7,0.5025,-0.0481830112110269,0.494226402665919,0.127185932370457,0.0671882567842365,0.026630541428645,0.611896233196069,0.756403639844472,-0.198564031799001,0.0603475346445852,0.376848194887171,0.27894190407028,1.1863078162608,0.231340144617326,0.0603475346445852,0.00147431084596832,1.57693070837012,-0.181735823031095,0.999879947189956,-0.171416944461531,10,2
2,91,83,8,0.5725,0.175451654496324,0.573690132027188,0.0862613953270545,0.37868880844535,0.29770231290897,0.674437485981053,0.726110027369663,-0.421123467872407,0.385953072900113,0.678825393594364,0.152181044473079,1.34269909087743,0.195465595635361,0.385953072900113,0.00553613747546803,4.3345192480122,-0.124841652624757,0.409113547794663,-0.0263662170899407,10,2
2,95,83,9,0.53,0.349724975200354,0.561562424167403,0.146012557605791,0.329229560386262,0.427340622095799,0.614820686799316,0.707648969751456,-0.266949553296568,0.374105379751778,0.838262018359458,0.217834768188917,1.2082370466942,0.233638523646174,0.374105379751778,0.00111049750764446,19.9995356557475,-0.01905595576589,0.0852631583362757,-0.00936521846444623,10,2
2,97,83,10,0.685,0.934401759611046,0.755289152998425,0.0182375566484939,0.455201435552442,1.10733058155692,0.796199616608331,0.985733349104808,-0.307593387693003,0.487393442854723,1.66141355678379,0.314328920630653,1.54957097675661,0.256244239958793,0.487393442854723,0.0101529503250266,5.55310259738494,-0.050982712056494,0.302237305351869,-0.0386388402104993,10,2
2,101,83,11,0.555,-0.015025166476381,0.632426399556848,0.169066488029566,0.145849479532096,0.1642236800984,0.910350825831061,1.21618478506729,-0.533981210633802,0.137793420690337,0.708073510205065,0.341234731502107,1.93777190253704,0.187605906835947,0.137793420690337,0.00441315076222684,3.09749401338071,-0.149332225237473,0.999996381864768,-0.0703224880896996,10,2
2,103,83,12,0.6025,0.70063014361655,0.627236809558508,0.161219850517399,0.355688126787279,0.913946680933388,0.54069067007441,0.5780647934829,-0.655218916341372,0.463757415905079,1.20178448965268,-0.0368780701901483,1.23436747457324,0.00108376474877678,0.463757415905082,0.0180636214729325,3.54351257265116,0.00999996050542368,0.572319848634768,-0.0364224613212711,10,2
5,73,75,7,0.54,0.316053585244687,0.572954081144461,0.0605975861059133,0.125903609122282,0.402516151888739,0.618753744321578,0.808527573537063,-0.395812752272925,0.13743083658863,0.780906227859761,0.20448700469455,1.3127435375116,0.108403211701614,0.13743083658863,0.00918001497626847,2.43290979048359,-0.173641470510262,0.645270689782172,-0.0616377068907884,10,2
5,81,75,8,0.5725,0.537544074447937,0.659943764815518,0.0965679345211678,0.36021732978006,0.671692625958949,0.717716954819232,0.74278364316876,-0.341536116183987,0.366139649237032,1.15188512293388,0.195597843719177,1.38117356945754,0.296853810104796,0.366139649237031,0.0198880746870323,2.77001939984876,-0.0707640313912579,0.654503341454949,-0.111788831152693,10,2
5,84,75,9,0.4925,-0.0775148278569834,0.593749547251318,0.124761182165681,-0.0198023064886316,0.0295082122425228,0.758470572719317,0.923279381371468,-0.220443108339068,-0.00141376319755128,0.39230627240429,0.351291939213386,1.41870459988148,0.274982110170938,-0.00141376319755121,1.62519644852766e-10,3.21620329467385,-0.130543327285193,0.67021634959268,-0.102680702486389,10,2
5,94,75,10,0.5625,0.392999839949323,0.610314610110139,0.0762691682219076,0.226645009490201,0.501068103490225,0.658758349539938,0.80863919820651,-0.345933192025595,0.213173306802428,0.89283535391043,0.228146257475925,1.32422807766311,0.169655687431005,0.213173306802428,0.00712028061714814,3.43312917992078,-0.114751219881847,0.57312546246071,-0.0678081179251684,10,2
6,98,100,7,0.64,0.573939266051501,0.235633839401025,-0.0899034438982302,0.240204014384818,0.641760205856766,0.191158892424579,-0.0130572108800331,-0.237845581121478,0.252123410836,0.704382218048014,-0.120750009575243,0.326605736172202,0.101817365930757,0.252123410836,0.0197462969257854,1.69751531491615,-0.0339240031432672,0.248725069186632,-0.237502695783795,10,2
6,104,100,8,0.555,0.00263003126360335,0.107030945047835,-0.237817475339448,0.148691984213599,0.0654193276227084,0.162403279636709,0.491636073276244,-0.169212047014283,0.154573251471545,0.144810239141231,0.161292352174117,0.510907556516614,-0.149940563773914,0.154573251471545,0.000450083059049548,19.999071925481,-0.0172927900025194,0.0274336297556546,0.0200554863136002,10,2
6,109,100,9,0.655,0.794228183516975,0.252084640948519,-0.141039716114556,0.693133185557645,0.781625998087858,0.251919977947276,0.096171081545447,0.0293219989879951,0.648562837548407,0.944128459359092,0.0588224886018693,0.321805272812354,0.254956190254903,0.648562837548407,0.00211973887138026,13.783329269471,-0.0378534365234353,0.0284912446760798,-0.0116610487664674,10,2
6,115,100,10,0.5575,0.306062501992608,0.212887198311119,-0.0501691085483307,0.226455519271671,0.319038674907932,0.204445160418873,-0.167238767572999,-0.104206929296297,0.240345727205471,0.416218252007477,-0.134236118167707,0.204280304454683,0.267312142731385,0.240345727205471,0.000610034823295625,19.9988405174252,-0.0293488415387241,0.0214741951390185,-0.0228686418845212,10,2
6,120,100,11,0.505,0.165623510643768,0.203671200938423,0.0848552155399848,0.0628976650342611,0.178203896104873,0.191159254415133,-0.141139535591252,-0.101312422339665,0.0629903263694153,0.274824482309866,-0.120845226807309,0.199049344110227,0.238876457361814,0.0629903263694154,0.000217765904208526,19.9962487626014,-0.0120754131768445,0.00935532464882286,-0.0254278898242511,10,2
9,81,83,7,0.6975,0.996060493525987,0.295131925584446,-0.110315990438015,0.394592788828066,1.0052352986581,0.286664048031562,0.343112152802739,-0.0236733936228712,0.39700879018354,1.24998948883047,0.142882601699594,0.518201307118829,0.151415760693218,0.39700879018354,0.0127978125064517,4.13373304688647,-0.0407268832899935,0.19972505213897,-0.0148292934492888,10,2
9,85,83,8,0.67,0.416875308098808,0.535856414856168,0.0918251514589401,0.358964875165831,0.53703302711263,0.52958501137095,0.591451659921464,-0.438733078357425,0.404008121906396,0.868350510777666,0.075006780645888,1.13197884719993,0.101794108921041,0.404008121906396,0.00112931837968318,19.9983703968106,-0.012931708883264,0.0832224573405423,-0.00915045324180043,10,2
9,87,83,9,0.6225,0.898041679079855,0.8044535098007,0.112916785239852,0.522392529877592,1.16789072219451,0.76849170501836,0.760256932861633,-0.620793120767671,0.619061696322901,1.65227219175057,0.0653134168484926,1.5857667212003,0.204716667570992,0.6190616963229,0.00170739729860466,19.9981367628243,-0.00431274936370871,0.0877471387347777,-0.0317965937717392,10,2
9,91,83,10,0.6575,0.825499070577767,0.659417531494254,0.00585731522309601,0.534619717749439,0.945322416415819,0.632734915108938,0.584662666768374,-0.325431119110149,0.554273137031229,1.31975061719247,0.121699082506054,1.16822552681253,0.258131740934007,0.554273137031229,0.00963074169293051,5.75586448132711,-0.0808085263350527,0.317297033984577,-0.0294992787802598,10,2
9,94,83,11,0.52,0.519742020836277,0.553692312206436,0.00208237496088121,0.210826150895144,0.747251123841821,0.55277905778085,0.809082531098235,-0.635366834761531,0.237551955022854,1.08669671383309,0.0845592043329752,1.36041185321313,-0.0840375126466377,0.237551955022854,0.0107118113648801,3.36441368565445,-0.0156971213427296,0.528798861863714,-0.0295475726845806,10,2
9,97,83,12,0.7425,1.05965613631979,0.612959623384185,-0.0452070947266453,0.440311367708832,1.2753281931181,0.480990137311656,0.3850496316184,-0.550027359050088,0.534797757763293,1.53103235318562,-0.0738434648852818,1.03029740045681,0.095220409788319,0.534797757763293,0.00764221788449477,6.62144547472275,-0.0214586224920195,0.217854700816409,-0.0611908017038663,10,2
9,99,83,13,0.715,0.637990281965283,0.382537808492661,0.00122431300508223,0.481353567816723,0.950927281606265,0.327583067805481,0.812645908537804,-0.791659623112914,0.590294274541429,1.12498842903611,0.0100231433099273,1.17150358192112,-0.43280194972963,0.590294274541431,0.00160717310723749,19.9997220392952,0.00605607051909187,0.0802794190271376,0.0177650542948993,10,2
10,84,87,7,0.5225,0.2884243722413,0.484230713904343,0.0821463991579529,0.235291004631031,0.398947360115773,0.528472702942362,0.68194892834426,-0.435247469481171,0.254429928233,0.707410085789585,0.122315484504887,1.16216638137825,0.0449699835528201,0.254429928233,0.00538892669656362,3.10373269220664,-0.00916266545736156,0.472046942454535,-0.0551887062139074,10,2
10,88,87,8,0.62,0.0918631934231577,0.318605404411748,0.0825218124912206,0.0840965199151655,0.233746490501865,0.530352423759246,1.26498792818442,-0.198426644056384,0.0545138213566788,0.546656291842069,0.533001221482128,1.33533213630554,-0.128082435935262,0.0545138213566788,0.000555709994178148,19.9868840170311,-0.0155742645589605,0.0792576370652014,0.0223411210218284,10,2
10,92,87,9,0.535,0.408310826760953,0.643818540240316,0.217677913871635,0.0917376581865719,0.498589509325756,0.709821471066097,0.811320487128757,-0.21577563608183,0.080921749283737,0.904112261413897,0.293329676873207,1.30617248836178,0.279076365151195,0.080921749283737,0.0194610855847788,1.89536463683623,-0.27956865408714,0.930302692757509,-0.123215955257099,10,2
10,96,87,10,0.6275,-0.036562158286093,0.354288983846759,0.071868412450752,0.129393144240303,0.223191951701398,0.725181630890728,1.62224859507628,-0.337753331009819,0.095572854977035,0.558004906037885,0.642488956105589,1.78283477221359,-0.177167153872511,0.095572854977035,0.000437640932832709,19.9983982856585,-0.021885074562061,0.0964372765670472,0.0245121351978358,10,2
10,100,87,11,0.7225,0.965182803547751,1.08370827408099,0.224747811106315,0.301980918193038,1.26287992961295,1.29113645750466,1.43116998249637,-0.370182881132015,0.324378174653171,2.17276059817506,0.497969697550326,2.38151641457712,0.580163550948736,0.324378174653171,0.0175619262211851,3.75134082986704,-0.075961336678728,0.539400740816546,-0.244075161189522,10,2
10,105,87,12,0.8,1.54353876289564,0.757741773973024,-0.135843999587764,0.277172870442644,1.85333516034361,0.748141977382967,-0.453136527870768,-0.467868437922344,0.318811553511295,2.02027757727868,-0.370654705242257,0.875216791149065,0.860484881097489,0.318811553511295,0.12131118568439,3.74856446324472,-0.0545539276622092,0.3226583266693,-0.513609384357803,10,2
11,77,79,7,0.605,0.900418503541177,0.349225739525443,-0.138808885512143,0.519189381721763,0.992238691753216,0.334422988168766,0.719180817641253,-0.203538684378892,0.508521775923434,1.29833083818997,0.235574564945378,0.851397943982366,-0.0713215580377779,0.508521775923434,0.0138782089076657,4.29548566988214,-0.0505993243317804,0.228125510854171,0.0731452139946539,11,2
11,80,79,8,0.7275,0.131612773050948,0.224133327224971,-0.0516396525238059,0.194506439275476,0.220094605538429,0.275732369366944,0.655689960467757,-0.293584900428364,0.189833642397355,0.377074879921287,0.180679269993369,0.7855709565392,-0.163703904357085,0.189833642397367,0.000441270291351355,19.9976272471197,-0.00018106645266544,0.0435491311245546,0.011991126199669,11,2
11,88,79,9,0.7525,0.909940964436702,0.424653385409877,-0.0573484105573679,0.425047703193615,1.05860832847271,0.398194375948559,0.960721791537605,-0.347856011193439,0.496719617691768,1.41170657510479,0.280802666626809,1.11400669635706,-0.194571106373988,0.496719617691768,0.0225809591504761,3.32357390518595,-0.011761477850259,0.32180779742908,0.124057127020498,11,2
11,92,79,10,0.495,0.291543592133712,0.361522301961647,0.00474381705171182,0.228859029542879,0.456704812735364,0.504455382246983,1.41998249111654,-0.463800486155606,0.325727228463806,0.783548074348822,0.47362242699253,1.50914579509185,-0.374637182180295,0.325727228463806,0.000979208961661727,19.9993989700857,0.0114911378600021,0.0772030495877735,0.0368370111059209,11,2
11,95,79,11,0.565,0.680904039194061,0.606744821266846,0.147424313350845,0.476717318685904,0.893913971381497,0.74927932851039,1.45937441666595,-0.320867260833674,0.470992620267942,1.48427843478477,0.542943668829051,1.74798300417247,-0.0322586733271532,0.470992620267942,0.00522735546090701,8.23859363284271,-0.00720368404617805,0.244222805561225,0.0464047760520331,11,2
11,97,79,12,0.715,0.317525247919547,0.252504983859286,0.185799922704726,0.159339910978436,0.446891226538763,0.284732840075128,0.938468790329379,-0.484771407987966,0.18222723761837,0.617840273929851,0.224200556243469,1.02688971999644,-0.396350478320908,0.18222723761837,0.00923374191769954,2.87479302118617,-0.0139505880283446,0.549412566348834,0.222358325892674,11,2
12,81,83,7,0.4775,0.154307334407651,0.320406611047019,0.0954731655287667,0.210903129893857,0.237526976362078,0.39780035305002,0.793253189549455,-0.270242044561542,0.26741692177362,0.488088475314198,0.260819494927129,0.991009237996726,-0.0724859961142696,0.267416921773621,0.000690897591910103,19.9949145895686,0.000320229091817174,0.0646397714269115,0.0133504028519898,11,2
12,85,83,8,0.5175,0.0843654230075102,0.317017645589048,0.144728810105504,0.131055753983509,0.126813260276807,0.367949112639327,0.552198846607222,-0.0637357434541637,0.125174810249242,0.380438697826595,0.244111334267113,0.748596893332581,0.132662303271196,0.125174810249242,0.000576028586350713,9.38732552340975,-0.019746187778036,0.138996746694001,-0.0104974247006341,11,2
12,87,83,9,0.5825,0.0619814103288235,0.352905565838244,0.173372032885078,0.190828514439288,0.169277594627508,0.491979449456298,0.946198459883821,-0.250919711970316,0.185792406095994,0.398810981179749,0.34763257294285,1.1365477338618,-0.0605704379923333,0.185792406095994,0.000504518324345014,19.9981844359609,-0.0220641339330984,0.0804007775020112,0.0149798926007775,11,2
12,91,83,10,0.5275,0.221310337891877,0.510819142846969,0.0351262452798681,0.314646403913844,0.251961179253075,0.510536153002991,0.264840530066221,-0.114236950995411,0.296182181971471,0.537122344532495,0.0749681136631906,0.770477037946359,0.391399556884727,0.296182181971471,0.000678689405934417,19.9984240245989,-0.0390440279783543,0.0548834549021433,-0.0206008497509313,11,2
12,96,83,11,0.4875,0.105945116818488,0.431569204307564,0.0226446123912341,0.108649967800913,0.250545487892194,0.61362048906544,0.943029141330679,-0.219508692108009,0.1464759679172,0.599942272842086,0.361539387773409,1.2788391568,0.116301323361308,0.1464759679172,0.000572392620498768,19.9835008399842,-0.0143108368149402,0.0835762141309519,0.000307312485647317,11,2
12,100,83,12,0.635,0.594927929065103,0.661864058641619,0.161604794279466,0.097480415302695,0.681290854279427,0.6540610992511,0.562365758407894,-0.276435546672718,0.106794384308892,1.15731091504016,0.138382955276405,1.2073301018911,0.368528796810229,0.106794384308892,0.304637484078,1.6833649925001,-0.294227956106088,0.782420785060081,-0.3095117642309,11,2
3,66,63,6,0.4875,0.167700509833388,0.497897394648302,0.0781515391600891,0.265243251091815,0.293075187902524,0.613036303591975,0.731027255957444,-0.252445603400449,0.263908886061849,0.617981517350438,0.238731473238574,1.17699322011267,0.193520360754778,0.263908886061849,0.000714556984089539,19.9987866112076,-0.0103260832506354,0.0803084723925353,-0.00671208722650895,11,2
3,70,63,7,0.46,-0.12780942411949,0.390058855470769,0.110482332134168,-0.0197961990051199,-0.073691111408805,0.489144345137108,0.67521262631154,-0.175067669505726,-0.0467139503167601,0.17511596328417,0.249745525151998,0.980702303500447,0.130422007683181,-0.0467139503167601,1.902942289346e-11,1.7749800340857,-0.0123812270266293,0.796454069637856,-0.0363583336315403,11,2
3,74,63,8,0.59,0.445363883606509,0.419420524718912,0.318077237532958,0.246463717913173,0.7751058336771,0.572948726613575,1.38069185858665,-0.731182485330753,0.329342528706529,1.145851045916,0.318164899520212,1.70468960269059,-0.407184741226806,0.329342528706529,0.0200064310809231,3.17834432190061,0.0457743175829186,0.753022568786279,0.211808054661246,11,2
3,80,63,9,0.465,0.0301412434086135,0.460940615730841,0.299688725695615,0.304646976396753,0.217837597835867,0.737961702235359,1.48686145262458,-0.548757686911611,0.285201282878296,0.644339097873368,0.469221267105065,1.86576192013816,-0.169857219398023,0.285201282878296,0.000603559841205829,19.9966524595643,0.0249384563846547,0.123302712765509,0.0166762884719356,11,2
4,63,61,6,0.745762711864407,1.42808375206825,-0.0448850098676539,-0.0499227615441783,0.669700679743527,1.48850434048621,-0.0959800222983603,0.236127041429439,-0.106493860684018,0.693019884381794,1.45827902205356,0.0525987291749643,0.0536515171967293,-0.288969384916728,0.693019884381795,0.0497646646880001,3.91865538282373,-0.00927777748135915,0.0747233157578475,0.159151725610752,11,2
4,67,61,7,0.7575,-0.0423237243828835,0.0760523779400547,-0.203323731643091,1.14667165744047,0.0375492677263314,0.153439934663794,0.543162716999777,-0.12144698228842,1.10327464953324,0.115216139901176,0.210965749275304,0.504407223474439,-0.160202475813759,1.10327464953324,0.00160327216510241,19.9998847300994,-0.0214368759696039,0.0230979056210894,0.0524392395300017,11,2
4,70,61,8,0.7075,0.532576015096301,0.426310687966299,-0.184994029790937,0.584773199008395,0.624474468420546,0.440249462723043,0.544626364005105,-0.228229536266109,0.619045162193652,0.881904923886027,0.153726809685489,0.878281084568935,0.105425184297722,0.619045162193651,0.00137328179414676,19.9995757661306,-0.0104827129249608,0.0538323245097618,0.00121730766728361,11,2
4,84,61,9,0.7075,1.13395785591904,0.609274971610411,0.0156909394947275,0.498345405179294,1.19517350832096,0.596208333726372,0.944325985491394,-0.147336807277127,0.498464838131859,1.70586962182603,0.353239197772746,1.22503945018205,0.133376657413532,0.498464838131859,0.0050692463122584,9.36482963028695,-0.00212812702090576,0.154255060807684,0.00345449880322721,11,2
4,88,61,10,0.5375,0.571592311828352,0.476885736856105,-0.0583888848998282,0.253666037293217,0.761248483492299,0.500825875675615,0.891802658510804,-0.483769028664862,0.277126169316448,1.11648507230455,0.197248959396983,1.27279364008346,-0.102778047092208,0.277126169316448,0.0164695886236033,3.3001259376222,-0.131777065949384,0.498174045495654,0.068087158235265,11,2
7,75,73,9,0.825,1.59437713812897,0.348229207971672,-0.125846881512285,0.634904402148618,1.7971867411633,0.270668731501213,-0.0623526217341527,-0.348902275653433,0.680578796213398,1.83446911747322,-0.160600171451829,0.460569617119843,0.174019963200586,0.680578796213397,0.0370715097364986,4.1356642008444,0.141053188853116,0.17101924869933,-0.116993059552291,11,2
7,79,73,10,0.7525,0.862115193847485,0.388713621876418,-0.0499219173772336,0.552996221549728,1.11269984878988,0.4024132114228,1.15534008438711,-0.517235763568427,0.627931306726404,1.47472452770699,0.29527652473556,1.3050725352947,-0.367503312660842,0.627931306726404,0.0372041606497023,3.97787129501397,-0.0502812828044615,0.436307011432556,0.234186726153193,11,2
7,83,73,11,0.755,1.28156171962959,0.89386337008281,-0.062841829781395,0.434061965524404,1.51117511641376,0.932050776140811,1.0758439310447,-0.309395350023751,0.412737213220118,2.27722294310841,0.334195449984993,1.78903609077813,0.403796809709681,0.412737213220118,0.0360217648536533,4.36988836285459,-0.14316965635353,0.390585520860979,-0.100530536685359,11,2
7,85,73,12,0.6275,0.320824975457509,0.483878298512969,0.0906120640606578,0.23944967204748,0.538550746223295,0.676830983754003,1.25633016937529,-0.420412669301773,0.26237892275342,0.953980232760524,0.413580131726618,1.60173888755792,-0.0750039511191431,0.26237892275342,0.00200552074185,11.4791236956909,-0.0208670515811746,0.178289136071238,0.0253829952323123,11,2
7,91,73,13,0.455,0.0378351053145375,0.40887015564039,0.226764943611451,0.155533034026567,0.258050347928083,0.73104379264471,1.59029619832965,-0.435333374151933,0.144492083238128,0.643583498066241,0.577705844943592,1.83494679828983,-0.190682774191755,0.144492083238128,0.00484264946153333,3.52867346498338,-0.097776569466476,0.732309643484176,0.154090448116848,11,2
7,95,73,14,0.4575,-0.00411035182901342,0.607865278828413,0.378135009437148,0.243607539187294,0.347366788822415,1.10059802727063,1.86716188677913,-0.623710687272632,0.254069128347297,0.863013937800239,0.622025729099292,2.46221662180362,-0.0286559522481375,0.254069128347296,0.000569655134126044,19.9988528880083,-0.00138851544507103,0.165756357433427,0.00531384153319195,11,2
8,76,72,7,0.6125,0.369745502890801,0.397942905523845,0.0727901727186223,0.201542332455874,0.463597140922023,0.452911945389927,0.765320168630585,-0.24335663806421,0.23185475234508,0.742077347467353,0.257061892527822,1.01331549885123,0.00463869215643061,0.23185475234508,0.000788295175987142,19.9988920451831,0.00356188525829454,0.0659787481466536,0.00348840066310204,11,2
8,82,72,8,0.615,-0.0221893835169866,0.394844756319838,0.145304092889676,0.0270374007884909,0.0605313253337075,0.526600126566544,0.846052807662226,-0.38150017801857,-0.0211339613722616,0.272652115936514,0.232373600063203,1.1823932810539,-0.0451597046268918,-0.0211339613722615,5.48714783763227e-05,19.9451110056667,-0.00692968162389733,0.0747282774435611,0.00158972742936031,11,2
8,88,72,9,0.48,-0.0262325008964379,0.557872451497281,0.334384102725051,0.0136377782763235,0.0862565781103755,0.748324145645251,1.07333086627058,-0.188317517323277,0.0618638956385649,0.448236311101988,0.442664959716242,1.4650941892018,0.203445805607946,0.061863895638565,0.000127489212044091,19.9926310382361,-0.0086272183879611,0.121134436852608,-0.00708335708276484,11,2
8,92,72,10,0.53,0.406419458314244,0.774650588236364,0.308713314434876,0.220907049259578,0.584979084954394,0.952412206073014,1.15111147797781,-0.360993841825225,0.236046827251442,1.17411225202712,0.390593639071147,1.84491871091165,0.332813391107876,0.236046827251443,0.00116730460969742,19.9996877167268,-0.0167147639854513,0.124376857811903,-0.017814702149861,11,2
8,97,72,11,0.58,0.548549026881154,0.842947940530134,0.217697322097616,0.308555417866128,0.740340180511692,1.04633698005745,1.22586362999672,-0.271469660388004,0.323016846716024,1.42047814174683,0.466621969813447,1.9441303792663,0.446797088881576,0.323016846716024,0.00783330032275681,4.38323102564629,-0.1136783422762,0.447570791108905,-0.115846062779975,11,2
8,99,72,12,0.6775,0.410515912206719,0.612627125732451,0.212134150285581,0.206384743511884,0.702654202836979,0.946393583619026,1.66857871138367,-0.369391472678933,0.174358354469827,1.367765741427,0.639595613615113,2.11307318254803,0.0751029984854307,0.174358354469827,0.00665364921880582,5.20366378548427,-0.0847854646292642,0.470793489439028,0.0250199245544342,11,2
8,103,72,13,0.6025,0.862383246721792,0.632607319051599,-0.0352316884520696,0.430110795713857,0.989116770091117,0.579700734151748,0.537956795941122,-0.35296842703973,0.449484481537055,1.38062768620022,0.0862151373260612,1.12649883289498,0.235573609914126,0.449484481537056,0.00879680174010619,5.41840092698851,-0.126873715452782,0.26627911960269,-0.0762447086331882,11,2
